{
  "0": 0.0,
  "1": 1.0,
  "2": 1.2607750170843908,
  "3": 1.5005930826950187,
  "4": 1.086003196497788,
  "5": 1.3488467965077944,
  "6": 1.4618322338667538,
  "7": 1.3174190951492424,
  "8": 1.539809107718665,
  "9":  1.1438476294835398,
  "10": 1.4151902825998448,
  "11": 1.5083375754995785,
  "12": 1.4857699283179813,
  "13": 1.5664935071153896,
  "14": 1.228412737608595,
  "15": 1.5452717626065522,
  "16": 1.3300215361581862,
  "17": 1.3954368262559722,
  "18": 1.3967771547392949,
  "19": 1.3952685623940035,
  "20": 1.4588113378317014,
  "21": 1.587808410098552,
  "22": 1.4549345122678352,
  "23": 1.3629362751926624,
  "24": 1.7781427045873794,
  "25": 1.5798946403464105,
  "26": 1.5806155176614685,
  "27": 1.6866705953387588,
  "28": 2.0,
  "29": 1.659760728786743,
  "30": 1.757814718996263,
  "31": 1.8404919947017664
}
